[{"t":["rtw"],"a":"kyleobrien","n":"As if people needed another reason to dislike this place.\r\n\r\n> By a vote of three to two, Watertown's City Council amended a law Monday night that dictates how many roommates a homeowner can have in a single family home in a residential neighborhood. The law used to allow four. Now, it's zero.","d":"Watertown Lawmakers Vote in Favor of Limiting Roommates","u":"http://centralny.ynn.com/content/top_stories/636594/watertown-lawmakers-vote-in-favor-of-limiting-roommates/","dt":"2013-03-01T01:20:02Z"}]