[{"t":["rtw"],"a":"kyleobrien","n":"Pretty.","d":"Gourmet Jello Shots","u":"http://imgur.com/a/EkVDS","dt":"2013-03-05T06:31:50Z"},{"t":["rtw"],"a":"kyleobrien","n":"> “I am a television person who is accustomed to having a thought at 10 a.m. and having it out there at 6:30 p.m. and moving on, so this is a little scary, yes,” Mr. Stewart said by telephone.","d":"Jon Stewart to Direct Serious Film, Will Take Hiatus From Daily Show","u":"http://artsbeat.blogs.nytimes.com/2013/03/05/jon-stewart-to-direct-serious-film-will-take-hiatus-from-daily-show/?hp","dt":"2013-03-05T20:21:12Z"}]