[{"dt":"2013-03-04T05:14:23Z","t":["rtw"],"a":"kyleobrien","n":"Unbelievably, this is not an article from The Onion.\r\n\r\n> “You would be giving off more CO2 if you are riding a bike than driving in a car,” he said. However, he said he had not “done any analysis” of the difference in CO2 from a person on a bike compared to the engine of a car (others have).","d":"State Lawmaker Defends Bike Tax, Says Bicycling is Bad for the Environment","u":"http://seattlebikeblog.com/2013/03/02/state-lawmaker-says-bicycling-is-not-good-for-the-environment-should-be-taxed/"}]