[{"dt":"2013-02-26T19:35:33Z","t":["rtw"],"a":"kyleobrien","n":"Now with more goat screaming.","d":"Taylor Swift - I Knew You Were Trouble","u":"http://www.youtube.com/watch?v=oAw-gHR_Ck4"},{"dt":"2013-02-26T23:08:32Z","t":["rtw"],"a":"kyleobrien","n":"> \"a person's fundamental rights — including the right to marry — should not be affected by their sexual orientation. Apple views this as a civil rights issue, rather than just a political issue, and is therefore speaking out publicly against Proposition 8.\"","d":"Apple and Facebook to Back Gay Marriage at Supreme Court","u":"http://www.theverge.com/2013/2/26/4033356/apple-joins-companies-supporting-same-sex-marriage-supreme-court"}]