[{"dt":"2013-02-22T04:38:53Z","t":["rtw"],"a":"kyleobrien","n":"Nailed it.","d":"The Reality of a Developer's Life, in GIF Form","u":"http://server.dzone.com/articles/reality-developers-life-gifs"},{"dt":"2013-02-22T18:15:09Z","t":["rtw"],"a":"kyleobrien","n":"> Wander through the snowy city and you'll see buggies lined up outside coffee shops while parents sip on lattes inside.","d":"The babies Who Nap in Sub-zero Temperatures","u":"http://www.bbc.co.uk/news/magazine-21537988"},{"dt":"2013-02-22T19:33:47Z","t":["rtw"],"a":"kyleobrien","n":"Dogs. :-)","d":"Lily Shreds Trailside","u":"http://vimeo.com/49254628"},{"dt":"2013-02-22T19:45:04Z","t":["rtw"],"a":"kyleobrien","n":"That's not a lot of gummy bears.","d":"200 Calories","u":"http://imgur.com/a/w9nHF"}]