[{"t":["rtw"],"a":"kyleobrien","n":"Hadn't heard him tell this one before. One of the things I love about Neil, besides his genius, is his storytelling.","d":"Neil deGrasse Tyson: A Story About Race","u":"http://www.youtube.com/watch?v=wPf03T8YN-4","dt":"2013-02-15T05:51:28Z"},{"t":["rtw"],"a":"kyleobrien","n":"Much shorter, but one of my favorites.","d":"Neil deGrasse Tyson meets Carl Sagan","u":"http://www.youtube.com/watch?v=eeqrN3Bfro8","dt":"2013-02-15T05:57:09Z"},{"t":["rtw"],"a":"kyleobrien","n":"The bear's name is Touchdown. Also, for your Community inspired mascots, see [Redman](http://www.youtube.com/watch?v=U4X-HnAXr7I).","d":"Cornell Big Red","u":"http://en.wikipedia.org/wiki/Cornell_Big_Red#History","dt":"2013-02-15T14:54:29Z"},{"t":["rtw"],"a":"kyleobrien","n":"> There are few traditions in sports that compare to those in the game of hockey. One such tradition is the throwing of octopi onto the ice at Red Wings games. Ever wonder how it started?\r\n\r\nStay classy.","d":"Legend of the Octopus","u":"http://redwings.nhl.com/club/page.htm?id=43781","dt":"2013-02-15T20:51:45Z"},{"t":["rtw"],"a":"kyleobrien","n":"The largest in-atmosphere blast since [Tunguska](http://en.wikipedia.org/wiki/Tunguska_event), the explosion it triggered was larger than the nuclear bomb the North Koreans set off last week. Here's a video of the [sonic boom](http://www.youtube.com/watch?v=QlX7xO6rWts (around 0:30). Warning: you might want to turn the sound down. The boom is loud and abrupt.","d":"Meteorite Disintegrates Over Russia, Thousands Injured","u":"http://www.youtube.com/watch?v=_gUsiR8ZwME&feature=player_embedded","dt":"2013-02-15T21:06:40Z"}]