[{"dt":"2013-02-06T14:06:25Z","t":["rtw"],"a":"kyleobrien","n":"> There are no strict rules about this classification because the borderlines are vague. If need be, like a middle-aged man who is not sure whether to call himself bald or not bald, he should explain himself more fully.\r\n\r\nI would consider milestone 6 to be the most accurate representation of where I stand.","d":"Spectrum of Theistic Probability","u":"http://en.wikipedia.org/wiki/Spectrum_of_theistic_probability"},{"dt":"2013-02-06T14:43:57Z","t":["rtw"],"a":"kyleobrien","n":"So it begins.\r\n\r\nLuckily, they are still maintaining Saturday package delivery. There are a lot of seniors who depend on mail-order, prescription drugs that live outside of UPS and FedEx delivery zones.","d":"Postal Service to Cut Saturday Mail","u":"http://news.yahoo.com/postal-cut-saturday-mail-trim-costs-121746412.html;_ylt=A2KJ3Cd6VxJRwmwAmErQtDMD"}]