[{"t":["rtw"],"a":"kyleobrien","dt":"2013-02-20T22:25:12Z","n":"> “A dolphin emits its signature whistle to broadcast its identity and announce its presence, allowing animals to identify one another over large distances and for animals to recognize one another and to join up with each other,” King explained. “Dolphin whistles can be detected up to 20 km away (12.4 miles) depending on water depth and whistle frequency.”","d":"Dolphins Call Each Other By Name","u":"http://news.discovery.com/animals/whales-dolphins/dolphins-call-each-other-by-name-130219.htm"}]