[{"dt":"2013-02-08T15:29:55Z","t":["rtw"],"a":"kyleobrien","n":"Not the whole weapon, but I think it demonstrates the difficulty enforcing gun related restrictions in the years to come. You could buy a 3D printer capable of creating this sort of thing, like the [MakerBot](http://makerbot.com), for $2,200.","d":"Defense Distributed’s New 3D Printed High Capacity Gun Magazine","u":"http://idealab.talkingpointsmemo.com/2013/02/defense-distributed-unveils-new-3d-printed-gun-magazine-cuomo-video.php?m=1"},{"dt":"2013-02-08T18:24:56Z","t":["rtw"],"a":"kyleobrien","n":"Developed by the Bill Gates Foundation. No needles or refrigeration required.","d":"Injection-free Vaccinations","u":"http://www.theverge.com/2013/2/8/3966856/microneedle-array-dried-sugar-vaccine-could-reduce-costs"},{"dt":"2013-02-08T18:52:02Z","t":["rtw"],"a":"kyleobrien","n":"Craziness. (via [@aza](https://twitter.com/aza/status/299946369630756865))","d":"Li Hongbo Demonstrating His Paper Sculpture","u":"http://vimeo.com/55336193"}]