[{"dt":"2013-01-23T15:33:04Z","t":["rtw"],"a":"kyleobrien","n":"Too bad they've left out one of my favorite searches, \"People who like <list of high end merchandise> who checked in over 100 miles from home in the last 60 minutes\".","d":"Actual Facebook Graph Searches","u":"http://actualfacebookgraphsearches.tumblr.com/"},{"dt":"2013-01-23T21:15:21Z","t":["rtw"],"a":"kyleobrien","n":"What happens when you try to put out a very large fire in sub zero temperatures.","d":"5 Alarm Fire in Chicago","u":"http://galleries.apps.chicagotribune.com/chi-511-fire-20130122/"},{"dt":"2013-01-23T21:30:52Z","t":["rtw"],"a":"kyleobrien","n":"Wow.","d":"Pentagon Lifts Ban on Women in Combat","u":"http://www.nytimes.com/2013/01/24/us/pentagon-says-it-is-lifting-ban-on-women-in-combat.html?hp&gwh=1391B0C8A757B25346B251648E8A50E1"}]