[{"t":["rtw"],"a":"kyleobrien","dt":"2013-01-24T18:56:24Z","n":"Microsoft makes a decent commercial. Can't say I saw this one coming.","d":"Child of the 90's","u":"http://devour.com/video/child-of-the-90s/"},{"t":["rtw"],"a":"kyleobrien","dt":"2013-01-24T19:01:33Z","n":"Ok, one more from [Devour](http://devour.com). In case you've never heard of them, they curate some of the best videos from YouTube every day. A top 10 list with some taste.","d":"Volkswagen Dog","u":"http://devour.com/video/volkswagen-dog/"},{"t":["rtw"],"a":"kyleobrien","dt":"2013-01-24T19:10:56Z","n":"A different take on the social \"with friends\" phenomenon.","d":"Bang With Friends","u":"http://www.bangwithfriends.com/"},{"t":["rtw"],"a":"kyleobrien","dt":"2013-01-24T22:20:39Z","n":"Shit just got real, kids. I hope they replace Jar-Jar with Hurley.","d":"J.J. Abrams Set to Direct Next Star Wars Film","u":"http://www.thewrap.com/movies/article/jj-abrams-set-direct-next-star-wars-film-exclusive-74596"}]