[{"t":["rtw"],"a":"kyleobrien","n":"No blue shells, please.","d":"Real Life Mario Kart","u":"http://www.polygon.com/2013/1/15/3878250/mario-kart-research-project-brings-classic-racing-game-and-power-ups","dt":"2013-01-15T17:02:24Z"},{"t":["rtw"],"a":"kyleobrien","n":"Look at the faces of all these devastated folks. Even the kids look like their favorite dog just got run over by an eighteen wheeler. I guess I'd be sad too if I was pulling down 650K a year.","d":"How Much Will Your Taxes Jump in 2013?","u":"http://online.wsj.com/article/SB10001424127887323689604578220132665726040.html#project=WEALTH0105&articleTabs=interactive","dt":"2013-01-15T18:04:23Z"},{"t":["rtw"],"a":"kyleobrien","n":"Couldn't find a good source for this (it's originally from one of his books, I believe), so the image will have to suffice.","d":"Stephen Hawking: What Happened Before the Big Bang?","u":"http://i.imgur.com/iJQLV.jpg","dt":"2013-01-15T23:00:13Z"},{"t":["rtw"],"a":"kyleobrien","n":"Here are the other prevailing hypotheses from scientist who believe that the whole \"time didn't exist before the big bang\" thing is a cop out.","d":"What Happened Before The Big Bang?","u":"http://zidbits.com/2011/10/what-happened-before-the-big-bang/","dt":"2013-01-15T23:02:04Z"}]