[{"dt":"2013-01-08T20:52:32Z","t":["rtw"],"a":"kyleobrien","n":">“You may have already suspected that I was an asshole, but I have left you some documentation just in case.”\r\n\r\nStay classy.","d":"Bitter One Percenter stiffs waiter - Boing Boing","u":"http://boingboing.net/2013/01/08/bitter-one-percenter-stiffs-wa.html"},{"dt":"2013-01-08T22:22:49Z","t":["rtw"],"a":"kyleobrien","n":"> The keynote began with three actors behind a veil, vamping on about their \"Born Mobile\" lifestyles. We assumed that it was parody from the start — but with a growing sense of both horror and awe, we came to realize it wasn't and we were in for a wild ride.\r\n\r\nAnd:\r\n\r\n>Perhaps realizing that it was creating the perfect storm of crazy as the capstone to the keynote, the livestream producers simply cut the feed.\r\n\r\nDo this kind of thing well is harder than it looks.","d":"Qualcomm's Insane CES 2013 Keynote in Pictures and Tweets","u":"http://www.theverge.com/2013/1/8/3850056/qualcomms-insane-ces-2013-keynote-pictures-tweets"}]