[{"t":["rtw"],"a":"kyleobrien","n":"A nice bit of fictionalized history.","d":"Spartans Crossing the Delaware","u":"http://i.imgur.com/Rv0XVxm.jpg","dt":"2013-01-29T16:30:51Z"},{"t":["rtw"],"a":"kyleobrien","n":"The follow up game from Tomorrow Corporation, makers of World of Goo. It's a game where children throw their \"most prized possessions into a fireplace in order to stay warm on a planet that is freezing over.\"","d":"Little Inferno Coming to iPad January 31","u":"http://www.polygon.com/2013/1/29/3927584/little-inferno-coming-to-ipad-jan-31","dt":"2013-01-29T16:33:44Z"}]