[{"dt":"2013-01-14T19:12:15Z","t":["rtw"],"a":"kyleobrien","n":">In a staggering feat of twisted logic, lawyers for Coca-Cola are defending the lawsuit by asserting that \"no consumer could reasonably be misled into thinking vitaminwater was a healthy beverage.\"","d":"The Dark Side of Vitaminwater","u":"http://www.huffingtonpost.com/john-robbins/the-dark-side-of-vitaminw_b_669716.html?ref=twitter"},{"dt":"2013-01-14T19:13:09Z","t":["rtw"],"a":"kyleobrien","n":"I'm sure this will work out great for all involved.","d":"Glenn Beck is Planning a $2 Billion Libertarian Commune in Texas","u":"http://blogs.dallasobserver.com/unfairpark/2013/01/glenn_beck_is_planning_a_2_bil.php"}]