[{"t":["rtw"],"a":"kyleobrien","n":"Need to check this out. My go to choices of Futura and Helvetica may not be the greatest for every situation.","d":"FontBook App","u":"http://www.swiss-miss.com/2013/01/fontbook-app.html","dt":"2013-01-10T18:19:28Z"},{"t":["rtw"],"a":"kyleobrien","n":"If you've ever bought CDs from Amazon, you can now access those tracks as MP3s. Since I've only purchased CDs as gifts for others, mine is filled with junk I hate.","d":"Amazon AutoRip","u":"http://www.amazon.com/b/?node=5946775011","dt":"2013-01-10T18:30:29Z"},{"t":["rtw"],"a":"kyleobrien","n":"> \"Putin didn't say anything,\" a Reddit user replied. \"He merely stole that boy's soul.\"","d":"What Did Putin Say to Terrify This Boy?","u":"http://news.yahoo.com/blogs/sideshow/putin-boy-photo-did-174630989.html","dt":"2013-01-10T21:17:33Z"}]