[{"dt":"2013-01-17T18:29:04Z","t":["rtw"],"a":"kyleobrien","n":"I've watched this a couple of times and I can't decide if these guys are crazy crazy or just regular old crazy.","d":"SAA Tanks Pounding Rebels in Darayya","u":"http://www.liveleak.com/view?i=91e_1358349215"},{"dt":"2013-01-17T19:11:43Z","t":["rtw"],"a":"kyleobrien","n":"Not saying we should stop buying / eating, but it's a fascinating look at the unintended effects of doing pretty much anything. As pointed out elsewhere on the web, the part this piece where she argues against soy is pretty much bullshit, so keep that in mind.","d":"Can Vegans Stomach the Unpalatable Truth About Quinoa?","u":"http://www.guardian.co.uk/commentisfree/2013/jan/16/vegans-stomach-unpalatable-truth-quinoa"}]