[{"t":["rtw"],"a":"kyleobrien","n":"With iOS integration!","d":"LEGO Mindstorms EV3","u":"http://techcrunch.com/2013/01/06/lego-mindstorms-ev3-the-better-faster-stronger-generation-of-robotic-programming/","dt":"2013-01-07T17:25:40Z"},{"t":["rtw"],"a":"kyleobrien","n":"> Father and son are said to have reconciled but World of Warcraft expert Olivia Grace said she did not think Mr Feng's actions would necessarily act as a deterrent.\r\n\r\nWell played, sir.","d":"Gamers Hired by Father to Kill Son's Character in Online Games","u":"http://www.bbc.co.uk/news/technology-20931304","dt":"2013-01-07T18:50:10Z"},{"t":["rtw"],"a":"kyleobrien","n":"A really fun puzzle game from the makers of Canabalt. There's a fun, crypto side game as well.","d":"'Hundreds' Review","u":"http://toucharcade.com/2013/01/07/hundreds-review/","dt":"2013-01-07T21:32:35Z"}]