[{"dt":"2013-01-04T21:15:06Z","t":["rtw"],"a":"kyleobrien","n":"Is backhanded prejudice a thing now?","d":"Bill O'Reilly: \"Asian People Are Not Liberal, You Know, By Nature. They're Usually More Industrious And Hard-Working\"","u":"http://mediamatters.org/video/2013/01/03/oreilly-asian-people-are-not-liberal-you-know-b/192015"},{"dt":"2013-01-04T21:21:03Z","t":["rtw"],"a":"kyleobrien","n":"<blockquote>The Pacific Northwest may be the epicenter of U.S. coffee culture, and now a new study shows the region's elevated caffeine levels don't stop at the shoreline.</blockquote>","d":"Caffeinated Seas Found Off U.S. Pacific Northwest","u":"http://news.nationalgeographic.com/news/2012/07/120730-caffeinated-seas-pacific-northwest-caffeine-coffee-science/"}]