[{"dt":"2012-12-14T17:12:18Z","t":["rtw"],"a":"kyleobrien","n":"Added to the enemies list.","d":"Matt Lauer is a Fucking Dirtbag","u":"http://www.shakesville.com/2012/12/matt-lauer-is-fucking-dirtbag.html"},{"dt":"2012-12-14T17:16:20Z","t":["rtw"],"a":"kyleobrien","n":"Recognize anyone? Khaaaaaan!","d":"Announcement Trailer for Star Trek: Into Darkness","u":"http://trailers.apple.com/trailers/paramount/startrekintodarkness/"},{"dt":"2012-12-14T17:20:02Z","t":["rtw"],"a":"kyleobrien","n":"Ugh. If we move back, at least we'll know where to look for an apartment.","d":"Gigabit Seattle","u":"http://gigabitseattle.com/"}]