[{"dt":"2012-12-10T18:36:52Z","t":["rtw"],"a":"kyleobrien","n":"Fancy!","d":"Bold Poker for iPhone and iPad","u":"http://boldpokerapp.com/"},{"dt":"2012-12-10T18:38:13Z","t":["rtw"],"a":"kyleobrien","n":"A boy can dream...","d":"A Collector is Selling Every Super Nintendo Game for $24,999","u":"http://www.polygon.com/2012/12/10/3749792/a-collector-is-selling-every-super-nintendo-game-for-24999"},{"dt":"2012-12-10T20:44:35Z","t":["rtw"],"a":"kyleobrien","n":"Let's see if cron fires and adds this to the page. Fingers crossed!","d":"A Country Doctor","u":"http://www.metafilter.com/122615/Franz-Kafka-anime-Doctor-let-me-die"}]