[{"t":["rtw"],"a":"kyleobrien","n":"<blockquote>\"Christmas in America is troubling, for a variety of reasons. Sarah and I are trying to be extremely intentional as we raise our children, and have wanted to bring that intentionality to Christmas.\"</blockquote>","d":"Santa is a Game People Play","u":"http://charliepark.org/santa/","dt":"2012-12-13T04:12:13Z"},{"t":["rtw"],"a":"kyleobrien","n":"<blockquote>\"That’s why I was fascinated when a friend introduced me to the Jubilee year, an ancient Jewish belief that says debts should be cancelled every fiftieth year. The Jubilee offered a clean slate.\"</blockquote>","d":"Digital Jubilee","u":"http://frankchimero.com/blog/2012/12/digital-jubilee/","dt":"2012-12-13T04:51:17Z"},{"t":["rtw"],"a":"kyleobrien","n":"Too gnar.","d":"Wayfinder by Infinity Shred","u":"http://tinycartridge.com/post/37733662370/wayfinder-music-video-by-infinity-shred-i-loved","dt":"2012-12-13T04:53:31Z"},{"t":["rtw"],"a":"kyleobrien","n":"Could be an interesting replacement for the recently departed Sparrow.","d":"Mailbox for iPhone","u":"http://www.theverge.com/2012/12/13/3759494/mailbox-for-iphone-email-app","dt":"2012-12-13T20:09:23Z"}]